creative_id,campaign_key,adset_key,format,asset_path,primary_text,headline,destination_url,approval_status,qa_issue,account_id_alias,objective,placement,asset_hash,variant_group,hook,language,country,utm_source,utm_medium,utm_campaign,utm_content,utm_term,post_id,post_id_type,source_system,source_row_id,reviewer,approved_at
cr_001,camp_launch,as_prospecting_us,image,fixtures/fake_agency_creatives/assets/launch_static_001.jpg,Hook 01 for prospecting US,Launch offer 01,https://example.invalid/launch-us,approved,,acct_fixture_us,traffic,feed,c30fe8f1d4b60f62,camp_launch_as_prospecting_us,hook_01,en,US,facebook,paid_social,camp_launch,cr_001_camp_launch_as_prospecting_us,as_prospecting_us,,new,synthetic_sheet,row_001,fixture_approver,2026-07-05
cr_002,camp_launch,as_prospecting_us,video,fixtures/fake_agency_creatives/assets/launch_video_002.mp4,Hook 02 for prospecting US,Launch offer 02,https://example.invalid/launch-us,approved,,acct_fixture_us,traffic,reels,ed716566e09e73fd,camp_launch_as_prospecting_us,hook_02,en,US,facebook,paid_social,camp_launch,cr_002_camp_launch_as_prospecting_us,as_prospecting_us,,new,synthetic_sheet,row_002,fixture_approver,2026-07-05
cr_003,camp_launch,as_prospecting_us,carousel,fixtures/fake_agency_creatives/assets/launch_carousel_003.jpg,Hook 03 for prospecting US,Launch offer 03,https://example.invalid/launch-us,pending,missing_approval,acct_fixture_us,traffic,feed,ef96dfc034ff3394,camp_launch_as_prospecting_us,hook_03,en,US,facebook,paid_social,camp_launch,cr_003_camp_launch_as_prospecting_us,as_prospecting_us,,new,synthetic_sheet,row_003,,
cr_004,camp_launch,as_prospecting_us,story,fixtures/fake_agency_creatives/assets/launch_story_004.jpg,Hook 04 for prospecting US,Launch offer 04,https://example.invalid/launch-us,approved,,acct_fixture_us,traffic,story,5a729a9145aa122c,camp_launch_as_prospecting_us,hook_04,en,US,facebook,paid_social,camp_launch,cr_004_camp_launch_as_prospecting_us,as_prospecting_us,,new,synthetic_sheet,row_004,fixture_approver,2026-07-05
cr_005,camp_launch,as_prospecting_us,image,fixtures/fake_agency_creatives/assets/launch_static_005.jpg,Hook 05 for prospecting US,Launch offer 05,https://example.invalid/launch-us,approved,naming_error,acct_fixture_us,traffic,feed,4328fd84b7025182,camp_launch_as_prospecting_us,hook_05,en,US,facebook,paid_social,camp_launch,cr_005_camp_launch_as_prospecting_us,as_prospecting_us,,new,synthetic_sheet,row_005,fixture_approver,2026-07-05
cr_006,camp_launch,as_prospecting_us,video,fixtures/fake_agency_creatives/assets/launch_video_006.mp4,Hook 06 for prospecting US,Launch offer 06,https://example.invalid/launch-us,rejected,missing_approval,acct_fixture_us,traffic,reels,a1525ab51a25c1fe,camp_launch_as_prospecting_us,hook_06,en,US,facebook,paid_social,camp_launch,cr_006_camp_launch_as_prospecting_us,as_prospecting_us,,new,synthetic_sheet,row_006,,
cr_007,camp_launch,as_prospecting_us,image,fixtures/fake_agency_creatives/assets/launch_static_001.jpg,Hook 07 for prospecting US,Launch offer 07,https://example.invalid/launch-us,approved,duplicate_asset,acct_fixture_us,traffic,feed,c30fe8f1d4b60f62,camp_launch_as_prospecting_us,hook_07,en,US,facebook,paid_social,camp_launch,cr_007_camp_launch_as_prospecting_us,as_prospecting_us,post_c30fe8f1d4,existing,synthetic_sheet,row_007,fixture_approver,2026-07-05
cr_008,camp_launch,as_prospecting_us,carousel,fixtures/fake_agency_creatives/assets/launch_carousel_008.jpg,Hook 08 for prospecting US,Launch offer 08,https://example.invalid/launch-alt,approved,destination_mismatch,acct_fixture_us,traffic,feed,65f7c777d1bfb59b,camp_launch_as_prospecting_us,hook_08,en,US,facebook,paid_social,camp_launch,cr_008_camp_launch_as_prospecting_us,as_prospecting_us,,new,synthetic_sheet,row_008,fixture_approver,2026-07-05
cr_009,camp_launch,as_prospecting_us,story,fixtures/fake_agency_creatives/assets/launch_story_009.jpg,Hook 09 for prospecting US,Launch offer 09,https://example.invalid/launch-us,pending,missing_approval,acct_fixture_us,traffic,story,c406950319ad9801,camp_launch_as_prospecting_us,hook_09,en,US,facebook,paid_social,camp_launch,cr_009_camp_launch_as_prospecting_us,as_prospecting_us,,new,synthetic_sheet,row_009,,
cr_010,camp_launch,as_prospecting_us,collection,fixtures/fake_agency_creatives/assets/launch_collection_010.jpg,Hook 10 for prospecting US,Launch offer 10,https://example.invalid/launch-us,approved,unsupported_format,acct_fixture_us,traffic,feed,7792df04025ed131,camp_launch_as_prospecting_us,hook_10,en,US,facebook,paid_social,camp_launch,cr_010_camp_launch_as_prospecting_us,as_prospecting_us,,new,synthetic_sheet,row_010,fixture_approver,2026-07-05
cr_011,camp_launch,as_retargeting_us,image,fixtures/fake_agency_creatives/assets/retarget_static_011.jpg,Hook 11 for retargeting US,Return offer 11,https://example.invalid/retarget-us,approved,,acct_fixture_us,traffic,feed,32999174990a9999,camp_launch_as_retargeting_us,hook_11,en,US,facebook,paid_social,camp_launch,cr_011_camp_launch_as_retargeting_us,as_retargeting_us,,new,synthetic_sheet,row_011,fixture_approver,2026-07-05
cr_012,camp_launch,as_retargeting_us,video,fixtures/fake_agency_creatives/assets/retarget_video_012.mp4,Hook 12 for retargeting US,Return offer 12,https://example.invalid/retarget-us,approved,,acct_fixture_us,traffic,reels,4a03e6f2f884b4c9,camp_launch_as_retargeting_us,hook_12,en,US,facebook,paid_social,camp_launch,cr_012_camp_launch_as_retargeting_us,as_retargeting_us,,new,synthetic_sheet,row_012,fixture_approver,2026-07-05
cr_013,camp_launch,as_retargeting_us,carousel,fixtures/fake_agency_creatives/assets/retarget_carousel_013.jpg,Hook 13 for retargeting US,Return offer 13,https://example.invalid/retarget-us,pending,missing_approval,acct_fixture_us,traffic,feed,1a843a2ed8bbc566,camp_launch_as_retargeting_us,hook_13,en,US,facebook,paid_social,camp_launch,cr_013_camp_launch_as_retargeting_us,as_retargeting_us,,new,synthetic_sheet,row_013,,
cr_014,camp_launch,as_retargeting_us,story,fixtures/fake_agency_creatives/assets/retarget_story_014.jpg,Hook 14 for retargeting US,Return offer 14,https://example.invalid/retarget-us,approved,,acct_fixture_us,traffic,story,9449321483b3ad25,camp_launch_as_retargeting_us,hook_14,en,US,facebook,paid_social,camp_launch,cr_014_camp_launch_as_retargeting_us,as_retargeting_us,,new,synthetic_sheet,row_014,fixture_approver,2026-07-05
cr_015,camp_launch,as_retargeting_us,image,fixtures/fake_agency_creatives/assets/retarget_static_015.jpg,Hook 15 for retargeting US,Return offer 15,https://example.invalid/retarget-us,approved,naming_error,acct_fixture_us,traffic,feed,04ae692a35fea476,camp_launch_as_retargeting_us,hook_15,en,US,facebook,paid_social,camp_launch,cr_015_camp_launch_as_retargeting_us,as_retargeting_us,,new,synthetic_sheet,row_015,fixture_approver,2026-07-05
cr_016,camp_launch,as_retargeting_us,video,fixtures/fake_agency_creatives/assets/retarget_video_016.mp4,Hook 16 for retargeting US,Return offer 16,https://example.invalid/retarget-us,rejected,missing_approval,acct_fixture_us,traffic,reels,f81e09e0c64ceb35,camp_launch_as_retargeting_us,hook_16,en,US,facebook,paid_social,camp_launch,cr_016_camp_launch_as_retargeting_us,as_retargeting_us,,new,synthetic_sheet,row_016,,
cr_017,camp_launch,as_retargeting_us,image,fixtures/fake_agency_creatives/assets/retarget_static_011.jpg,Hook 17 for retargeting US,Return offer 17,https://example.invalid/retarget-us,approved,duplicate_asset,acct_fixture_us,traffic,feed,32999174990a9999,camp_launch_as_retargeting_us,hook_17,en,US,facebook,paid_social,camp_launch,cr_017_camp_launch_as_retargeting_us,as_retargeting_us,post_3299917499,existing,synthetic_sheet,row_017,fixture_approver,2026-07-05
cr_018,camp_launch,as_retargeting_us,carousel,fixtures/fake_agency_creatives/assets/retarget_carousel_018.jpg,Hook 18 for retargeting US,Return offer 18,https://example.invalid/retarget-alt,approved,destination_mismatch,acct_fixture_us,traffic,feed,8057991e8f55342b,camp_launch_as_retargeting_us,hook_18,en,US,facebook,paid_social,camp_launch,cr_018_camp_launch_as_retargeting_us,as_retargeting_us,,new,synthetic_sheet,row_018,fixture_approver,2026-07-05
cr_019,camp_launch,as_retargeting_us,story,fixtures/fake_agency_creatives/assets/retarget_story_019.jpg,Hook 19 for retargeting US,Return offer 19,https://example.invalid/retarget-us,pending,missing_approval,acct_fixture_us,traffic,story,192e4c384ba8b9f5,camp_launch_as_retargeting_us,hook_19,en,US,facebook,paid_social,camp_launch,cr_019_camp_launch_as_retargeting_us,as_retargeting_us,,new,synthetic_sheet,row_019,,
cr_020,camp_launch,as_retargeting_us,collection,fixtures/fake_agency_creatives/assets/retarget_collection_020.jpg,Hook 20 for retargeting US,Return offer 20,https://example.invalid/retarget-us,approved,unsupported_format,acct_fixture_us,traffic,feed,03cfbdcf86d60a9f,camp_launch_as_retargeting_us,hook_20,en,US,facebook,paid_social,camp_launch,cr_020_camp_launch_as_retargeting_us,as_retargeting_us,,new,synthetic_sheet,row_020,fixture_approver,2026-07-05
cr_021,camp_launch,as_prospecting_fr,image,fixtures/fake_agency_creatives/assets/fr_static_021.jpg,Hook 21 for prospecting FR,Launch FR 21,https://example.invalid/launch-fr,approved,,acct_fixture_fr,traffic,feed,211f1dd1751c84b1,camp_launch_as_prospecting_fr,hook_21,fr,FR,facebook,paid_social,camp_launch,cr_021_camp_launch_as_prospecting_fr,as_prospecting_fr,,new,synthetic_sheet,row_021,fixture_approver,2026-07-05
cr_022,camp_launch,as_prospecting_fr,video,fixtures/fake_agency_creatives/assets/fr_video_022.mp4,Hook 22 for prospecting FR,Launch FR 22,https://example.invalid/launch-fr,approved,,acct_fixture_fr,traffic,reels,e1fa6a20fa694283,camp_launch_as_prospecting_fr,hook_22,fr,FR,facebook,paid_social,camp_launch,cr_022_camp_launch_as_prospecting_fr,as_prospecting_fr,,new,synthetic_sheet,row_022,fixture_approver,2026-07-05
cr_023,camp_launch,as_prospecting_fr,carousel,fixtures/fake_agency_creatives/assets/fr_carousel_023.jpg,Hook 23 for prospecting FR,Launch FR 23,https://example.invalid/launch-fr,pending,missing_approval,acct_fixture_fr,traffic,feed,abb202fc839334f2,camp_launch_as_prospecting_fr,hook_23,fr,FR,facebook,paid_social,camp_launch,cr_023_camp_launch_as_prospecting_fr,as_prospecting_fr,,new,synthetic_sheet,row_023,,
cr_024,camp_launch,as_prospecting_fr,story,fixtures/fake_agency_creatives/assets/fr_story_024.jpg,Hook 24 for prospecting FR,Launch FR 24,https://example.invalid/launch-fr,approved,,acct_fixture_fr,traffic,story,ef5d43e17f31037e,camp_launch_as_prospecting_fr,hook_24,fr,FR,facebook,paid_social,camp_launch,cr_024_camp_launch_as_prospecting_fr,as_prospecting_fr,,new,synthetic_sheet,row_024,fixture_approver,2026-07-05
cr_025,camp_launch,as_prospecting_fr,image,fixtures/fake_agency_creatives/assets/fr_static_025.jpg,Hook 25 for prospecting FR,Launch FR 25,https://example.invalid/launch-fr,approved,naming_error,acct_fixture_fr,traffic,feed,4dd7b45d14a49c19,camp_launch_as_prospecting_fr,hook_25,fr,FR,facebook,paid_social,camp_launch,cr_025_camp_launch_as_prospecting_fr,as_prospecting_fr,,new,synthetic_sheet,row_025,fixture_approver,2026-07-05
cr_026,camp_launch,as_prospecting_fr,video,fixtures/fake_agency_creatives/assets/fr_video_026.mp4,Hook 26 for prospecting FR,Launch FR 26,https://example.invalid/launch-fr,rejected,missing_approval,acct_fixture_fr,traffic,reels,ada0219c4bc91db9,camp_launch_as_prospecting_fr,hook_26,fr,FR,facebook,paid_social,camp_launch,cr_026_camp_launch_as_prospecting_fr,as_prospecting_fr,,new,synthetic_sheet,row_026,,
cr_027,camp_launch,as_prospecting_fr,image,fixtures/fake_agency_creatives/assets/fr_static_021.jpg,Hook 27 for prospecting FR,Launch FR 27,https://example.invalid/launch-fr,approved,duplicate_asset,acct_fixture_fr,traffic,feed,211f1dd1751c84b1,camp_launch_as_prospecting_fr,hook_27,fr,FR,facebook,paid_social,camp_launch,cr_027_camp_launch_as_prospecting_fr,as_prospecting_fr,post_211f1dd175,existing,synthetic_sheet,row_027,fixture_approver,2026-07-05
cr_028,camp_launch,as_prospecting_fr,carousel,fixtures/fake_agency_creatives/assets/fr_carousel_028.jpg,Hook 28 for prospecting FR,Launch FR 28,https://example.invalid/launch-fr-alt,approved,destination_mismatch,acct_fixture_fr,traffic,feed,03c9ab79988affff,camp_launch_as_prospecting_fr,hook_28,fr,FR,facebook,paid_social,camp_launch,cr_028_camp_launch_as_prospecting_fr,as_prospecting_fr,,new,synthetic_sheet,row_028,fixture_approver,2026-07-05
cr_029,camp_launch,as_prospecting_fr,story,fixtures/fake_agency_creatives/assets/fr_story_029.jpg,Hook 29 for prospecting FR,Launch FR 29,https://example.invalid/launch-fr,pending,missing_approval,acct_fixture_fr,traffic,story,d396796f08810564,camp_launch_as_prospecting_fr,hook_29,fr,FR,facebook,paid_social,camp_launch,cr_029_camp_launch_as_prospecting_fr,as_prospecting_fr,,new,synthetic_sheet,row_029,,
cr_030,camp_launch,as_prospecting_fr,collection,fixtures/fake_agency_creatives/assets/fr_collection_030.jpg,Hook 30 for prospecting FR,Launch FR 30,https://example.invalid/launch-fr,approved,unsupported_format,acct_fixture_fr,traffic,feed,cec112c1ff75e58c,camp_launch_as_prospecting_fr,hook_30,fr,FR,facebook,paid_social,camp_launch,cr_030_camp_launch_as_prospecting_fr,as_prospecting_fr,,new,synthetic_sheet,row_030,fixture_approver,2026-07-05
cr_031,camp_evergreen,as_broad_us,image,fixtures/fake_agency_creatives/assets/evergreen_static_031.jpg,Hook 31 for broad US,Evergreen 31,https://example.invalid/evergreen-us,approved,,acct_fixture_us,engagement,feed,9799d3d86258cff1,camp_evergreen_as_broad_us,hook_31,en,US,facebook,paid_social,camp_evergreen,cr_031_camp_evergreen_as_broad_us,as_broad_us,,new,synthetic_sheet,row_031,fixture_approver,2026-07-05
cr_032,camp_evergreen,as_broad_us,video,fixtures/fake_agency_creatives/assets/evergreen_video_032.mp4,Hook 32 for broad US,Evergreen 32,https://example.invalid/evergreen-us,approved,,acct_fixture_us,engagement,reels,689f5e1fb3fb7500,camp_evergreen_as_broad_us,hook_32,en,US,facebook,paid_social,camp_evergreen,cr_032_camp_evergreen_as_broad_us,as_broad_us,,new,synthetic_sheet,row_032,fixture_approver,2026-07-05
cr_033,camp_evergreen,as_broad_us,carousel,fixtures/fake_agency_creatives/assets/evergreen_carousel_033.jpg,Hook 33 for broad US,Evergreen 33,https://example.invalid/evergreen-us,pending,missing_approval,acct_fixture_us,engagement,feed,3a90fbe911636408,camp_evergreen_as_broad_us,hook_33,en,US,facebook,paid_social,camp_evergreen,cr_033_camp_evergreen_as_broad_us,as_broad_us,,new,synthetic_sheet,row_033,,
cr_034,camp_evergreen,as_broad_us,story,fixtures/fake_agency_creatives/assets/evergreen_story_034.jpg,Hook 34 for broad US,Evergreen 34,https://example.invalid/evergreen-us,approved,,acct_fixture_us,engagement,story,f84379bf29c89ceb,camp_evergreen_as_broad_us,hook_34,en,US,facebook,paid_social,camp_evergreen,cr_034_camp_evergreen_as_broad_us,as_broad_us,,new,synthetic_sheet,row_034,fixture_approver,2026-07-05
cr_035,camp_evergreen,as_broad_us,image,fixtures/fake_agency_creatives/assets/evergreen_static_035.jpg,Hook 35 for broad US,Evergreen 35,https://example.invalid/evergreen-us,approved,naming_error,acct_fixture_us,engagement,feed,27f827811e114994,camp_evergreen_as_broad_us,hook_35,en,US,facebook,paid_social,camp_evergreen,cr_035_camp_evergreen_as_broad_us,as_broad_us,,new,synthetic_sheet,row_035,fixture_approver,2026-07-05
cr_036,camp_evergreen,as_broad_us,video,fixtures/fake_agency_creatives/assets/evergreen_video_036.mp4,Hook 36 for broad US,Evergreen 36,https://example.invalid/evergreen-us,rejected,missing_approval,acct_fixture_us,engagement,reels,45c7e2bee7149330,camp_evergreen_as_broad_us,hook_36,en,US,facebook,paid_social,camp_evergreen,cr_036_camp_evergreen_as_broad_us,as_broad_us,,new,synthetic_sheet,row_036,,
cr_037,camp_evergreen,as_broad_us,image,fixtures/fake_agency_creatives/assets/evergreen_static_031.jpg,Hook 37 for broad US,Evergreen 37,https://example.invalid/evergreen-us,approved,duplicate_asset,acct_fixture_us,engagement,feed,9799d3d86258cff1,camp_evergreen_as_broad_us,hook_37,en,US,facebook,paid_social,camp_evergreen,cr_037_camp_evergreen_as_broad_us,as_broad_us,post_9799d3d862,existing,synthetic_sheet,row_037,fixture_approver,2026-07-05
cr_038,camp_evergreen,as_broad_us,carousel,fixtures/fake_agency_creatives/assets/evergreen_carousel_038.jpg,Hook 38 for broad US,Evergreen 38,https://example.invalid/evergreen-alt,approved,destination_mismatch,acct_fixture_us,engagement,feed,795fd8c53e1302be,camp_evergreen_as_broad_us,hook_38,en,US,facebook,paid_social,camp_evergreen,cr_038_camp_evergreen_as_broad_us,as_broad_us,,new,synthetic_sheet,row_038,fixture_approver,2026-07-05
cr_039,camp_evergreen,as_broad_us,story,fixtures/fake_agency_creatives/assets/evergreen_story_039.jpg,Hook 39 for broad US,Evergreen 39,https://example.invalid/evergreen-us,pending,missing_approval,acct_fixture_us,engagement,story,0caffd3583a30e21,camp_evergreen_as_broad_us,hook_39,en,US,facebook,paid_social,camp_evergreen,cr_039_camp_evergreen_as_broad_us,as_broad_us,,new,synthetic_sheet,row_039,,
cr_040,camp_evergreen,as_broad_us,collection,fixtures/fake_agency_creatives/assets/evergreen_collection_040.jpg,Hook 40 for broad US,Evergreen 40,https://example.invalid/evergreen-us,approved,unsupported_format,acct_fixture_us,engagement,feed,ae4817e777e187e3,camp_evergreen_as_broad_us,hook_40,en,US,facebook,paid_social,camp_evergreen,cr_040_camp_evergreen_as_broad_us,as_broad_us,,new,synthetic_sheet,row_040,fixture_approver,2026-07-05
cr_041,camp_evergreen,as_lookalike_us,image,fixtures/fake_agency_creatives/assets/lookalike_static_041.jpg,Hook 41 for lookalike US,Lookalike 41,https://example.invalid/lookalike-us,approved,,acct_fixture_us,engagement,feed,b1927c69f24deba1,camp_evergreen_as_lookalike_us,hook_41,en,US,facebook,paid_social,camp_evergreen,cr_041_camp_evergreen_as_lookalike_us,as_lookalike_us,,new,synthetic_sheet,row_041,fixture_approver,2026-07-05
cr_042,camp_evergreen,as_lookalike_us,video,fixtures/fake_agency_creatives/assets/lookalike_video_042.mp4,Hook 42 for lookalike US,Lookalike 42,https://example.invalid/lookalike-us,approved,,acct_fixture_us,engagement,reels,0d444f5e5db79175,camp_evergreen_as_lookalike_us,hook_42,en,US,facebook,paid_social,camp_evergreen,cr_042_camp_evergreen_as_lookalike_us,as_lookalike_us,,new,synthetic_sheet,row_042,fixture_approver,2026-07-05
cr_043,camp_evergreen,as_lookalike_us,carousel,fixtures/fake_agency_creatives/assets/lookalike_carousel_043.jpg,Hook 43 for lookalike US,Lookalike 43,https://example.invalid/lookalike-us,pending,missing_approval,acct_fixture_us,engagement,feed,e40e1444099f92ea,camp_evergreen_as_lookalike_us,hook_43,en,US,facebook,paid_social,camp_evergreen,cr_043_camp_evergreen_as_lookalike_us,as_lookalike_us,,new,synthetic_sheet,row_043,,
cr_044,camp_evergreen,as_lookalike_us,story,fixtures/fake_agency_creatives/assets/lookalike_story_044.jpg,Hook 44 for lookalike US,Lookalike 44,https://example.invalid/lookalike-us,approved,,acct_fixture_us,engagement,story,e18feb10cf11380d,camp_evergreen_as_lookalike_us,hook_44,en,US,facebook,paid_social,camp_evergreen,cr_044_camp_evergreen_as_lookalike_us,as_lookalike_us,,new,synthetic_sheet,row_044,fixture_approver,2026-07-05
cr_045,camp_evergreen,as_lookalike_us,image,fixtures/fake_agency_creatives/assets/lookalike_static_045.jpg,Hook 45 for lookalike US,Lookalike 45,https://example.invalid/lookalike-us,approved,naming_error,acct_fixture_us,engagement,feed,68da55d681216537,camp_evergreen_as_lookalike_us,hook_45,en,US,facebook,paid_social,camp_evergreen,cr_045_camp_evergreen_as_lookalike_us,as_lookalike_us,,new,synthetic_sheet,row_045,fixture_approver,2026-07-05
cr_046,camp_evergreen,as_lookalike_us,video,fixtures/fake_agency_creatives/assets/lookalike_video_046.mp4,Hook 46 for lookalike US,Lookalike 46,https://example.invalid/lookalike-us,rejected,missing_approval,acct_fixture_us,engagement,reels,8912b243e89fb4c4,camp_evergreen_as_lookalike_us,hook_46,en,US,facebook,paid_social,camp_evergreen,cr_046_camp_evergreen_as_lookalike_us,as_lookalike_us,,new,synthetic_sheet,row_046,,
cr_047,camp_evergreen,as_lookalike_us,image,fixtures/fake_agency_creatives/assets/lookalike_static_041.jpg,Hook 47 for lookalike US,Lookalike 47,https://example.invalid/lookalike-us,approved,duplicate_asset,acct_fixture_us,engagement,feed,b1927c69f24deba1,camp_evergreen_as_lookalike_us,hook_47,en,US,facebook,paid_social,camp_evergreen,cr_047_camp_evergreen_as_lookalike_us,as_lookalike_us,post_b1927c69f2,existing,synthetic_sheet,row_047,fixture_approver,2026-07-05
cr_048,camp_evergreen,as_lookalike_us,carousel,fixtures/fake_agency_creatives/assets/lookalike_carousel_048.jpg,Hook 48 for lookalike US,Lookalike 48,https://example.invalid/lookalike-alt,approved,destination_mismatch,acct_fixture_us,engagement,feed,453664cbaa1db272,camp_evergreen_as_lookalike_us,hook_48,en,US,facebook,paid_social,camp_evergreen,cr_048_camp_evergreen_as_lookalike_us,as_lookalike_us,,new,synthetic_sheet,row_048,fixture_approver,2026-07-05
cr_049,camp_evergreen,as_lookalike_us,story,fixtures/fake_agency_creatives/assets/lookalike_story_049.jpg,Hook 49 for lookalike US,Lookalike 49,https://example.invalid/lookalike-us,pending,missing_approval,acct_fixture_us,engagement,story,da3ea314ea02e558,camp_evergreen_as_lookalike_us,hook_49,en,US,facebook,paid_social,camp_evergreen,cr_049_camp_evergreen_as_lookalike_us,as_lookalike_us,,new,synthetic_sheet,row_049,,
cr_050,camp_evergreen,as_lookalike_us,collection,fixtures/fake_agency_creatives/assets/lookalike_collection_050.jpg,Hook 50 for lookalike US,Lookalike 50,https://example.invalid/lookalike-us,approved,unsupported_format,acct_fixture_us,engagement,feed,eef4ab58e5c85bef,camp_evergreen_as_lookalike_us,hook_50,en,US,facebook,paid_social,camp_evergreen,cr_050_camp_evergreen_as_lookalike_us,as_lookalike_us,,new,synthetic_sheet,row_050,fixture_approver,2026-07-05
cr_051,camp_evergreen,as_retargeting_fr,image,fixtures/fake_agency_creatives/assets/fr_retarget_static_051.jpg,Hook 51 for retargeting FR,Retarget FR 51,https://example.invalid/retarget-fr,approved,,acct_fixture_fr,engagement,feed,00434e08b79ddb96,camp_evergreen_as_retargeting_fr,hook_51,fr,FR,facebook,paid_social,camp_evergreen,cr_051_camp_evergreen_as_retargeting_fr,as_retargeting_fr,,new,synthetic_sheet,row_051,fixture_approver,2026-07-05
cr_052,camp_evergreen,as_retargeting_fr,video,fixtures/fake_agency_creatives/assets/fr_retarget_video_052.mp4,Hook 52 for retargeting FR,Retarget FR 52,https://example.invalid/retarget-fr,approved,,acct_fixture_fr,engagement,reels,3ef6b4a6846c3f44,camp_evergreen_as_retargeting_fr,hook_52,fr,FR,facebook,paid_social,camp_evergreen,cr_052_camp_evergreen_as_retargeting_fr,as_retargeting_fr,,new,synthetic_sheet,row_052,fixture_approver,2026-07-05
cr_053,camp_evergreen,as_retargeting_fr,carousel,fixtures/fake_agency_creatives/assets/fr_retarget_carousel_053.jpg,Hook 53 for retargeting FR,Retarget FR 53,https://example.invalid/retarget-fr,pending,missing_approval,acct_fixture_fr,engagement,feed,5970a5334a735a71,camp_evergreen_as_retargeting_fr,hook_53,fr,FR,facebook,paid_social,camp_evergreen,cr_053_camp_evergreen_as_retargeting_fr,as_retargeting_fr,,new,synthetic_sheet,row_053,,
cr_054,camp_evergreen,as_retargeting_fr,story,fixtures/fake_agency_creatives/assets/fr_retarget_story_054.jpg,Hook 54 for retargeting FR,Retarget FR 54,https://example.invalid/retarget-fr,approved,,acct_fixture_fr,engagement,story,d7498ff0f4988e40,camp_evergreen_as_retargeting_fr,hook_54,fr,FR,facebook,paid_social,camp_evergreen,cr_054_camp_evergreen_as_retargeting_fr,as_retargeting_fr,,new,synthetic_sheet,row_054,fixture_approver,2026-07-05
cr_055,camp_evergreen,as_retargeting_fr,image,fixtures/fake_agency_creatives/assets/fr_retarget_static_055.jpg,Hook 55 for retargeting FR,Retarget FR 55,https://example.invalid/retarget-fr,approved,naming_error,acct_fixture_fr,engagement,feed,6be1952ac9c0f3b7,camp_evergreen_as_retargeting_fr,hook_55,fr,FR,facebook,paid_social,camp_evergreen,cr_055_camp_evergreen_as_retargeting_fr,as_retargeting_fr,,new,synthetic_sheet,row_055,fixture_approver,2026-07-05
cr_056,camp_evergreen,as_retargeting_fr,video,fixtures/fake_agency_creatives/assets/fr_retarget_video_056.mp4,Hook 56 for retargeting FR,Retarget FR 56,https://example.invalid/retarget-fr,rejected,missing_approval,acct_fixture_fr,engagement,reels,bd09efff88ea25e9,camp_evergreen_as_retargeting_fr,hook_56,fr,FR,facebook,paid_social,camp_evergreen,cr_056_camp_evergreen_as_retargeting_fr,as_retargeting_fr,,new,synthetic_sheet,row_056,,
cr_057,camp_evergreen,as_retargeting_fr,image,fixtures/fake_agency_creatives/assets/fr_retarget_static_051.jpg,Hook 57 for retargeting FR,Retarget FR 57,https://example.invalid/retarget-fr,approved,duplicate_asset,acct_fixture_fr,engagement,feed,00434e08b79ddb96,camp_evergreen_as_retargeting_fr,hook_57,fr,FR,facebook,paid_social,camp_evergreen,cr_057_camp_evergreen_as_retargeting_fr,as_retargeting_fr,post_00434e08b7,existing,synthetic_sheet,row_057,fixture_approver,2026-07-05
cr_058,camp_evergreen,as_retargeting_fr,carousel,fixtures/fake_agency_creatives/assets/fr_retarget_carousel_058.jpg,Hook 58 for retargeting FR,Retarget FR 58,https://example.invalid/retarget-fr-alt,approved,destination_mismatch,acct_fixture_fr,engagement,feed,745539016ae7d2bc,camp_evergreen_as_retargeting_fr,hook_58,fr,FR,facebook,paid_social,camp_evergreen,cr_058_camp_evergreen_as_retargeting_fr,as_retargeting_fr,,new,synthetic_sheet,row_058,fixture_approver,2026-07-05
cr_059,camp_evergreen,as_retargeting_fr,story,fixtures/fake_agency_creatives/assets/fr_retarget_story_059.jpg,Hook 59 for retargeting FR,Retarget FR 59,https://example.invalid/retarget-fr,pending,missing_approval,acct_fixture_fr,engagement,story,2e37a7d9b9a915bb,camp_evergreen_as_retargeting_fr,hook_59,fr,FR,facebook,paid_social,camp_evergreen,cr_059_camp_evergreen_as_retargeting_fr,as_retargeting_fr,,new,synthetic_sheet,row_059,,
cr_060,camp_evergreen,as_retargeting_fr,collection,fixtures/fake_agency_creatives/assets/fr_retarget_collection_060.jpg,Hook 60 for retargeting FR,Retarget FR 60,https://example.invalid/retarget-fr,approved,unsupported_format,acct_fixture_fr,engagement,feed,df554870ece0b5fb,camp_evergreen_as_retargeting_fr,hook_60,fr,FR,facebook,paid_social,camp_evergreen,cr_060_camp_evergreen_as_retargeting_fr,as_retargeting_fr,,new,synthetic_sheet,row_060,fixture_approver,2026-07-05
cr_061,camp_sale,as_sale_us,image,fixtures/fake_agency_creatives/assets/sale_static_061.jpg,Hook 61 for sale US,Sale 61,https://example.invalid/sale-us,approved,,acct_fixture_us,sales,feed,c65e313300a129bf,camp_sale_as_sale_us,hook_61,en,US,facebook,paid_social,camp_sale,cr_061_camp_sale_as_sale_us,as_sale_us,,new,synthetic_sheet,row_061,fixture_approver,2026-07-05
cr_062,camp_sale,as_sale_us,video,fixtures/fake_agency_creatives/assets/sale_video_062.mp4,Hook 62 for sale US,Sale 62,https://example.invalid/sale-us,approved,,acct_fixture_us,sales,reels,c9e0913472b1f27b,camp_sale_as_sale_us,hook_62,en,US,facebook,paid_social,camp_sale,cr_062_camp_sale_as_sale_us,as_sale_us,,new,synthetic_sheet,row_062,fixture_approver,2026-07-05
cr_063,camp_sale,as_sale_us,carousel,fixtures/fake_agency_creatives/assets/sale_carousel_063.jpg,Hook 63 for sale US,Sale 63,https://example.invalid/sale-us,pending,missing_approval,acct_fixture_us,sales,feed,abd9ce77d07f07b6,camp_sale_as_sale_us,hook_63,en,US,facebook,paid_social,camp_sale,cr_063_camp_sale_as_sale_us,as_sale_us,,new,synthetic_sheet,row_063,,
cr_064,camp_sale,as_sale_us,story,fixtures/fake_agency_creatives/assets/sale_story_064.jpg,Hook 64 for sale US,Sale 64,https://example.invalid/sale-us,approved,,acct_fixture_us,sales,story,31962f690f12fb22,camp_sale_as_sale_us,hook_64,en,US,facebook,paid_social,camp_sale,cr_064_camp_sale_as_sale_us,as_sale_us,,new,synthetic_sheet,row_064,fixture_approver,2026-07-05
cr_065,camp_sale,as_sale_us,image,fixtures/fake_agency_creatives/assets/sale_static_065.jpg,Hook 65 for sale US,Sale 65,https://example.invalid/sale-us,approved,naming_error,acct_fixture_us,sales,feed,645a1d65ff8a249b,camp_sale_as_sale_us,hook_65,en,US,facebook,paid_social,camp_sale,cr_065_camp_sale_as_sale_us,as_sale_us,,new,synthetic_sheet,row_065,fixture_approver,2026-07-05
cr_066,camp_sale,as_sale_us,video,fixtures/fake_agency_creatives/assets/sale_video_066.mp4,Hook 66 for sale US,Sale 66,https://example.invalid/sale-us,rejected,missing_approval,acct_fixture_us,sales,reels,2c32af61bc3f7ca8,camp_sale_as_sale_us,hook_66,en,US,facebook,paid_social,camp_sale,cr_066_camp_sale_as_sale_us,as_sale_us,,new,synthetic_sheet,row_066,,
cr_067,camp_sale,as_sale_us,image,fixtures/fake_agency_creatives/assets/sale_static_061.jpg,Hook 67 for sale US,Sale 67,https://example.invalid/sale-us,approved,duplicate_asset,acct_fixture_us,sales,feed,c65e313300a129bf,camp_sale_as_sale_us,hook_67,en,US,facebook,paid_social,camp_sale,cr_067_camp_sale_as_sale_us,as_sale_us,post_c65e313300,existing,synthetic_sheet,row_067,fixture_approver,2026-07-05
cr_068,camp_sale,as_sale_us,carousel,fixtures/fake_agency_creatives/assets/sale_carousel_068.jpg,Hook 68 for sale US,Sale 68,https://example.invalid/sale-alt,approved,destination_mismatch,acct_fixture_us,sales,feed,e928ebd52b54c8c3,camp_sale_as_sale_us,hook_68,en,US,facebook,paid_social,camp_sale,cr_068_camp_sale_as_sale_us,as_sale_us,,new,synthetic_sheet,row_068,fixture_approver,2026-07-05
cr_069,camp_sale,as_sale_us,story,fixtures/fake_agency_creatives/assets/sale_story_069.jpg,Hook 69 for sale US,Sale 69,https://example.invalid/sale-us,pending,missing_approval,acct_fixture_us,sales,story,ba8a5291e7cb4430,camp_sale_as_sale_us,hook_69,en,US,facebook,paid_social,camp_sale,cr_069_camp_sale_as_sale_us,as_sale_us,,new,synthetic_sheet,row_069,,
cr_070,camp_sale,as_sale_us,collection,fixtures/fake_agency_creatives/assets/sale_collection_070.jpg,Hook 70 for sale US,Sale 70,https://example.invalid/sale-us,approved,unsupported_format,acct_fixture_us,sales,feed,48850b26b0ffb58a,camp_sale_as_sale_us,hook_70,en,US,facebook,paid_social,camp_sale,cr_070_camp_sale_as_sale_us,as_sale_us,,new,synthetic_sheet,row_070,fixture_approver,2026-07-05
cr_071,camp_sale,as_sale_fr,image,fixtures/fake_agency_creatives/assets/sale_fr_static_071.jpg,Hook 71 for sale FR,Sale FR 71,https://example.invalid/sale-fr,approved,,acct_fixture_fr,sales,feed,55584a1515e57574,camp_sale_as_sale_fr,hook_71,fr,FR,facebook,paid_social,camp_sale,cr_071_camp_sale_as_sale_fr,as_sale_fr,,new,synthetic_sheet,row_071,fixture_approver,2026-07-05
cr_072,camp_sale,as_sale_fr,video,fixtures/fake_agency_creatives/assets/sale_fr_video_072.mp4,Hook 72 for sale FR,Sale FR 72,https://example.invalid/sale-fr,approved,,acct_fixture_fr,sales,reels,4294f7bda01f7bb2,camp_sale_as_sale_fr,hook_72,fr,FR,facebook,paid_social,camp_sale,cr_072_camp_sale_as_sale_fr,as_sale_fr,,new,synthetic_sheet,row_072,fixture_approver,2026-07-05
cr_073,camp_sale,as_sale_fr,carousel,fixtures/fake_agency_creatives/assets/sale_fr_carousel_073.jpg,Hook 73 for sale FR,Sale FR 73,https://example.invalid/sale-fr,pending,missing_approval,acct_fixture_fr,sales,feed,5a281ddf3c235b06,camp_sale_as_sale_fr,hook_73,fr,FR,facebook,paid_social,camp_sale,cr_073_camp_sale_as_sale_fr,as_sale_fr,,new,synthetic_sheet,row_073,,
cr_074,camp_sale,as_sale_fr,story,fixtures/fake_agency_creatives/assets/sale_fr_story_074.jpg,Hook 74 for sale FR,Sale FR 74,https://example.invalid/sale-fr,approved,,acct_fixture_fr,sales,story,efffbd70a9bec831,camp_sale_as_sale_fr,hook_74,fr,FR,facebook,paid_social,camp_sale,cr_074_camp_sale_as_sale_fr,as_sale_fr,,new,synthetic_sheet,row_074,fixture_approver,2026-07-05
cr_075,camp_sale,as_sale_fr,image,fixtures/fake_agency_creatives/assets/sale_fr_static_075.jpg,Hook 75 for sale FR,Sale FR 75,https://example.invalid/sale-fr,approved,naming_error,acct_fixture_fr,sales,feed,2c6ff9aeaac22af4,camp_sale_as_sale_fr,hook_75,fr,FR,facebook,paid_social,camp_sale,cr_075_camp_sale_as_sale_fr,as_sale_fr,,new,synthetic_sheet,row_075,fixture_approver,2026-07-05
cr_076,camp_sale,as_sale_fr,video,fixtures/fake_agency_creatives/assets/sale_fr_video_076.mp4,Hook 76 for sale FR,Sale FR 76,https://example.invalid/sale-fr,rejected,missing_approval,acct_fixture_fr,sales,reels,408d3ed0332a6714,camp_sale_as_sale_fr,hook_76,fr,FR,facebook,paid_social,camp_sale,cr_076_camp_sale_as_sale_fr,as_sale_fr,,new,synthetic_sheet,row_076,,
cr_077,camp_sale,as_sale_fr,image,fixtures/fake_agency_creatives/assets/sale_fr_static_071.jpg,Hook 77 for sale FR,Sale FR 77,https://example.invalid/sale-fr,approved,duplicate_asset,acct_fixture_fr,sales,feed,55584a1515e57574,camp_sale_as_sale_fr,hook_77,fr,FR,facebook,paid_social,camp_sale,cr_077_camp_sale_as_sale_fr,as_sale_fr,post_55584a1515,existing,synthetic_sheet,row_077,fixture_approver,2026-07-05
cr_078,camp_sale,as_sale_fr,carousel,fixtures/fake_agency_creatives/assets/sale_fr_carousel_078.jpg,Hook 78 for sale FR,Sale FR 78,https://example.invalid/sale-fr-alt,approved,destination_mismatch,acct_fixture_fr,sales,feed,a7b637427c691ab7,camp_sale_as_sale_fr,hook_78,fr,FR,facebook,paid_social,camp_sale,cr_078_camp_sale_as_sale_fr,as_sale_fr,,new,synthetic_sheet,row_078,fixture_approver,2026-07-05
cr_079,camp_sale,as_sale_fr,story,fixtures/fake_agency_creatives/assets/sale_fr_story_079.jpg,Hook 79 for sale FR,Sale FR 79,https://example.invalid/sale-fr,pending,missing_approval,acct_fixture_fr,sales,story,192f5fd1ac5f5978,camp_sale_as_sale_fr,hook_79,fr,FR,facebook,paid_social,camp_sale,cr_079_camp_sale_as_sale_fr,as_sale_fr,,new,synthetic_sheet,row_079,,
cr_080,camp_sale,as_sale_fr,collection,fixtures/fake_agency_creatives/assets/sale_fr_collection_080.jpg,Hook 80 for sale FR,Sale FR 80,https://example.invalid/sale-fr,approved,unsupported_format,acct_fixture_fr,sales,feed,4d990f477c5b019b,camp_sale_as_sale_fr,hook_80,fr,FR,facebook,paid_social,camp_sale,cr_080_camp_sale_as_sale_fr,as_sale_fr,,new,synthetic_sheet,row_080,fixture_approver,2026-07-05
cr_081,camp_sale,as_sale_ca,image,fixtures/fake_agency_creatives/assets/sale_ca_static_081.jpg,Hook 81 for sale CA,Sale CA 81,https://example.invalid/sale-ca,approved,,acct_fixture_ca,sales,feed,2c016cb9a799a029,camp_sale_as_sale_ca,hook_81,en,CA,facebook,paid_social,camp_sale,cr_081_camp_sale_as_sale_ca,as_sale_ca,,new,synthetic_sheet,row_081,fixture_approver,2026-07-05
cr_082,camp_sale,as_sale_ca,video,fixtures/fake_agency_creatives/assets/sale_ca_video_082.mp4,Hook 82 for sale CA,Sale CA 82,https://example.invalid/sale-ca,approved,,acct_fixture_ca,sales,reels,412cec04f1998c7c,camp_sale_as_sale_ca,hook_82,en,CA,facebook,paid_social,camp_sale,cr_082_camp_sale_as_sale_ca,as_sale_ca,,new,synthetic_sheet,row_082,fixture_approver,2026-07-05
cr_083,camp_sale,as_sale_ca,carousel,fixtures/fake_agency_creatives/assets/sale_ca_carousel_083.jpg,Hook 83 for sale CA,Sale CA 83,https://example.invalid/sale-ca,pending,missing_approval,acct_fixture_ca,sales,feed,06719259ceb9ab98,camp_sale_as_sale_ca,hook_83,en,CA,facebook,paid_social,camp_sale,cr_083_camp_sale_as_sale_ca,as_sale_ca,,new,synthetic_sheet,row_083,,
cr_084,camp_sale,as_sale_ca,story,fixtures/fake_agency_creatives/assets/sale_ca_story_084.jpg,Hook 84 for sale CA,Sale CA 84,https://example.invalid/sale-ca,approved,,acct_fixture_ca,sales,story,1eff289881eecc42,camp_sale_as_sale_ca,hook_84,en,CA,facebook,paid_social,camp_sale,cr_084_camp_sale_as_sale_ca,as_sale_ca,,new,synthetic_sheet,row_084,fixture_approver,2026-07-05
cr_085,camp_sale,as_sale_ca,image,fixtures/fake_agency_creatives/assets/sale_ca_static_085.jpg,Hook 85 for sale CA,Sale CA 85,https://example.invalid/sale-ca,approved,naming_error,acct_fixture_ca,sales,feed,63f65db1d8ee849a,camp_sale_as_sale_ca,hook_85,en,CA,facebook,paid_social,camp_sale,cr_085_camp_sale_as_sale_ca,as_sale_ca,,new,synthetic_sheet,row_085,fixture_approver,2026-07-05
cr_086,camp_sale,as_sale_ca,video,fixtures/fake_agency_creatives/assets/sale_ca_video_086.mp4,Hook 86 for sale CA,Sale CA 86,https://example.invalid/sale-ca,rejected,missing_approval,acct_fixture_ca,sales,reels,15721331fe31abf6,camp_sale_as_sale_ca,hook_86,en,CA,facebook,paid_social,camp_sale,cr_086_camp_sale_as_sale_ca,as_sale_ca,,new,synthetic_sheet,row_086,,
cr_087,camp_sale,as_sale_ca,image,fixtures/fake_agency_creatives/assets/sale_ca_static_081.jpg,Hook 87 for sale CA,Sale CA 87,https://example.invalid/sale-ca,approved,duplicate_asset,acct_fixture_ca,sales,feed,2c016cb9a799a029,camp_sale_as_sale_ca,hook_87,en,CA,facebook,paid_social,camp_sale,cr_087_camp_sale_as_sale_ca,as_sale_ca,post_2c016cb9a7,existing,synthetic_sheet,row_087,fixture_approver,2026-07-05
cr_088,camp_sale,as_sale_ca,carousel,fixtures/fake_agency_creatives/assets/sale_ca_carousel_088.jpg,Hook 88 for sale CA,Sale CA 88,https://example.invalid/sale-ca-alt,approved,destination_mismatch,acct_fixture_ca,sales,feed,abf7dfbbd2a97726,camp_sale_as_sale_ca,hook_88,en,CA,facebook,paid_social,camp_sale,cr_088_camp_sale_as_sale_ca,as_sale_ca,,new,synthetic_sheet,row_088,fixture_approver,2026-07-05
cr_089,camp_sale,as_sale_ca,story,fixtures/fake_agency_creatives/assets/sale_ca_story_089.jpg,Hook 89 for sale CA,Sale CA 89,https://example.invalid/sale-ca,pending,missing_approval,acct_fixture_ca,sales,story,43c2838f89a82031,camp_sale_as_sale_ca,hook_89,en,CA,facebook,paid_social,camp_sale,cr_089_camp_sale_as_sale_ca,as_sale_ca,,new,synthetic_sheet,row_089,,
cr_090,camp_sale,as_sale_ca,collection,fixtures/fake_agency_creatives/assets/sale_ca_collection_090.jpg,Hook 90 for sale CA,Sale CA 90,https://example.invalid/sale-ca,approved,unsupported_format,acct_fixture_ca,sales,feed,47f39dee8b610ea7,camp_sale_as_sale_ca,hook_90,en,CA,facebook,paid_social,camp_sale,cr_090_camp_sale_as_sale_ca,as_sale_ca,,new,synthetic_sheet,row_090,fixture_approver,2026-07-05
cr_091,camp_sale,as_sale_uk,image,fixtures/fake_agency_creatives/assets/sale_uk_static_091.jpg,Hook 91 for sale UK,Sale UK 91,https://example.invalid/sale-uk,approved,,acct_fixture_gb,sales,feed,d7b3ca7a63e08c59,camp_sale_as_sale_uk,hook_91,en,GB,facebook,paid_social,camp_sale,cr_091_camp_sale_as_sale_uk,as_sale_uk,,new,synthetic_sheet,row_091,fixture_approver,2026-07-05
cr_092,camp_sale,as_sale_uk,video,fixtures/fake_agency_creatives/assets/sale_uk_video_092.mp4,Hook 92 for sale UK,Sale UK 92,https://example.invalid/sale-uk,approved,,acct_fixture_gb,sales,reels,2e79c645dde779bd,camp_sale_as_sale_uk,hook_92,en,GB,facebook,paid_social,camp_sale,cr_092_camp_sale_as_sale_uk,as_sale_uk,,new,synthetic_sheet,row_092,fixture_approver,2026-07-05
cr_093,camp_sale,as_sale_uk,carousel,fixtures/fake_agency_creatives/assets/sale_uk_carousel_093.jpg,Hook 93 for sale UK,Sale UK 93,https://example.invalid/sale-uk,pending,missing_approval,acct_fixture_gb,sales,feed,4a84af88eb893785,camp_sale_as_sale_uk,hook_93,en,GB,facebook,paid_social,camp_sale,cr_093_camp_sale_as_sale_uk,as_sale_uk,,new,synthetic_sheet,row_093,,
cr_094,camp_sale,as_sale_uk,story,fixtures/fake_agency_creatives/assets/sale_uk_story_094.jpg,Hook 94 for sale UK,Sale UK 94,https://example.invalid/sale-uk,approved,,acct_fixture_gb,sales,story,e58b82db75382879,camp_sale_as_sale_uk,hook_94,en,GB,facebook,paid_social,camp_sale,cr_094_camp_sale_as_sale_uk,as_sale_uk,,new,synthetic_sheet,row_094,fixture_approver,2026-07-05
cr_095,camp_sale,as_sale_uk,image,fixtures/fake_agency_creatives/assets/sale_uk_static_095.jpg,Hook 95 for sale UK,Sale UK 95,https://example.invalid/sale-uk,approved,naming_error,acct_fixture_gb,sales,feed,a03ff11a86f550e5,camp_sale_as_sale_uk,hook_95,en,GB,facebook,paid_social,camp_sale,cr_095_camp_sale_as_sale_uk,as_sale_uk,,new,synthetic_sheet,row_095,fixture_approver,2026-07-05
cr_096,camp_sale,as_sale_uk,video,fixtures/fake_agency_creatives/assets/sale_uk_video_096.mp4,Hook 96 for sale UK,Sale UK 96,https://example.invalid/sale-uk,rejected,missing_approval,acct_fixture_gb,sales,reels,37e0c92e5c0b5327,camp_sale_as_sale_uk,hook_96,en,GB,facebook,paid_social,camp_sale,cr_096_camp_sale_as_sale_uk,as_sale_uk,,new,synthetic_sheet,row_096,,
cr_097,camp_sale,as_sale_uk,image,fixtures/fake_agency_creatives/assets/sale_uk_static_091.jpg,Hook 97 for sale UK,Sale UK 97,https://example.invalid/sale-uk,approved,duplicate_asset,acct_fixture_gb,sales,feed,d7b3ca7a63e08c59,camp_sale_as_sale_uk,hook_97,en,GB,facebook,paid_social,camp_sale,cr_097_camp_sale_as_sale_uk,as_sale_uk,post_d7b3ca7a63,existing,synthetic_sheet,row_097,fixture_approver,2026-07-05
cr_098,camp_sale,as_sale_uk,carousel,fixtures/fake_agency_creatives/assets/sale_uk_carousel_098.jpg,Hook 98 for sale UK,Sale UK 98,https://example.invalid/sale-uk-alt,approved,destination_mismatch,acct_fixture_gb,sales,feed,92d440bd3c83cfef,camp_sale_as_sale_uk,hook_98,en,GB,facebook,paid_social,camp_sale,cr_098_camp_sale_as_sale_uk,as_sale_uk,,new,synthetic_sheet,row_098,fixture_approver,2026-07-05
cr_099,camp_sale,as_sale_uk,story,fixtures/fake_agency_creatives/assets/sale_uk_story_099.jpg,Hook 99 for sale UK,Sale UK 99,https://example.invalid/sale-uk,pending,missing_approval,acct_fixture_gb,sales,story,233536bebb795ad2,camp_sale_as_sale_uk,hook_99,en,GB,facebook,paid_social,camp_sale,cr_099_camp_sale_as_sale_uk,as_sale_uk,,new,synthetic_sheet,row_099,,
cr_100,camp_sale,as_sale_uk,collection,fixtures/fake_agency_creatives/assets/sale_uk_collection_100.jpg,Hook 100 for sale UK,Sale UK 100,https://example.invalid/sale-uk,approved,unsupported_format,acct_fixture_gb,sales,feed,61f65737e32a6957,camp_sale_as_sale_uk,hook_100,en,GB,facebook,paid_social,camp_sale,cr_100_camp_sale_as_sale_uk,as_sale_uk,,new,synthetic_sheet,row_100,fixture_approver,2026-07-05
